x,y,c
71.24,28,0
52.53,25,0
64.54,27,0
55.69,22,0
54.58,25,0
41.91,10,2
58.64,20,3
52.02,8,3
31.25,34,0
44.31,19,2
49.35,40,0
58.07,45,0
44.22,22,0
55.73,19,3
46.63,43,0
52.97,32,0
46.25,35,0
51.55,27,0
57.05,26,0
58.45,30,0
43.42,23,0
55.68,37,0
55.15,18,3
43.84,22,0
59.26,32,0
37.14,41,0
64.3,29,0
45.75,16,2
45.97,23,0
56.04,39,0
33.64,45,0
41.67,33,0
50.68,39,0
54.22,35,0
56.2,29,0
46.16,41,0
50.22,24,0
49.66,33,0
38.61,37,0
55.28,36,0
57.87,41,0
61.69,12,3
37.41,21,2
53.83,32,0
62.98,22,0
46.97,13,2
58.03,24,0
59.87,36,0
81.34,31,0
48.56,26,0
17.66,23,2
46.01,21,0
45.34,26,0
39.64,31,0
51.22,36,0
36.21,31,0
47.32,55,0
54.87,27,0
58.97,6,3
57.3,42,0
59.94,32,0
61.72,25,0
53.19,23,0
35.13,38,0
48.47,20,0
51.17,43,0
42.14,39,0
54.31,35,0
48.93,32,0
53.51,44,0
51.72,24,0
49.86,10,3
49.2,41,0
60.2,39,0
54.06,20,0
72.91,30,0
61.92,40,0
44.2,24,0
60.75,39,0
68.36,37,0
56.39,20,0
38.19,15,2
66.19,27,0
58.2,17,3
47.55,22,0
37.62,16,2
17.81,26,2
31.25,29,0
61,41,0
40.98,33,0
53.69,24,0
51.46,9,3
64.57,29,0
53.79,23,0
64.28,34,0
38.41,24,0
58.89,42,0
44.17,33,0
50.41,43,0
63.63,28,0
45.78,24,0
55.61,20,0
67.23,5,3
49.69,38,0
54.6,30,0
40.94,59,0
43.84,36,0
56.36,19,3
69.53,23,3
51.48,19,0
52.93,41,0
55.52,8,3
52.14,23,0
62.86,21,3
37.53,33,0
63.47,25,0
62.11,33,0
43.52,25,0
47.97,27,0
42.27,37,0
56.05,30,0
62.08,37,0
35.25,53,0
39.81,25,0
60.27,33,0
53.41,22,0
56.28,27,0
53.31,25,0
55.24,30,0
44.97,29,0
40.3,43,0
47.18,42,0
46.4,34,0
35.11,15,2
54.33,38,0
54.59,64,0
61.67,50,0
52.39,19,0
52.37,6,3
40.84,25,0
27.42,27,0
44.79,31,0
59.84,37,0
36,45,0
47.64,10,2
51.85,37,0
59.73,15,3
42.96,37,0
51.84,27,0
59.62,23,0
58.82,30,0
50.93,30,0
41.35,23,0
24.58,45,0
57.74,22,0
38.14,33,0
51.82,20,0
41.37,17,2
55.01,24,0
64.56,53,0
46.09,35,0
57.81,20,3
46.31,23,0
66.62,37,0
42.89,17,2
40.82,23,0
50.55,41,0
40.43,40,0
53.36,25,0
44.83,27,0
35.87,35,0
46.95,23,0
47.75,20,0
57.12,26,0
38.03,43,0
54.31,45,0
50.29,39,0
33.6,24,0
45.13,44,0
31.68,31,0
72.36,4,3
48.43,55,0
44.48,36,0
56.54,20,0
54.11,50,0
49.51,29,0
50.66,36,0
61.82,23,0
50.45,15,3
67.7,43,0
41.61,12,2
39.63,31,0
36.08,31,0
45.18,27,0
49.33,28,0
48.66,45,0
53.81,25,0
35.57,44,0
48.83,39,0
69.14,40,0
60.75,59,0
52.01,39,0
47.88,45,0
40.3,30,0
48.52,30,0
55.06,37,0
48.45,28,0
58.65,40,0
69.29,21,3
51.7,21,0
69.95,18,3
53.04,37,0
47.97,27,0
64.01,26,0
61.76,23,0
49.98,28,0
81.96,27,0
56.56,25,0
51.69,30,0
54.83,40,0
54.97,39,0
44.07,27,0
45.95,40,0
42.24,22,0
43.52,49,0
51.33,31,0
56.68,55,0
51.06,24,0
41.95,28,0
53.56,27,0
47.86,45,0
43.74,34,0
41.22,39,0
45.82,42,0
44.74,25,0
53.88,30,0
44.4,29,0
59.01,35,0
53.27,19,0
45.62,25,0
53.16,53,0
50.91,51,0
33.53,42,0
46.92,33,0
59.24,35,0
48.37,32,0
50.26,21,0
38.14,30,0
63.42,26,0
57.46,14,3
63.79,33,0
58.13,30,0
56.35,41,0
52.95,3,3
55.65,27,0
29.44,34,0
49.58,39,0
31.3,33,0
43.48,29,0
48.94,34,0
43.93,32,0
53.83,36,0
53.69,21,0
60.33,8,3
40.97,42,0
49.29,21,0
56.06,34,0
66.16,32,0
32.61,23,2
37.37,25,0
46.04,38,0
57.17,33,0
41.06,31,0
47.21,36,0
55.74,44,0
56.34,25,0
61.53,11,3
61.4,38,0
59.03,29,0
26.76,22,2
48.24,34,0
50.84,33,0
64.25,28,0
23.06,15,2
47.25,23,0
59.19,33,0
32.71,17,2
48.87,25,0
58.68,24,0
51.16,25,0
49.48,34,0
16.05,36,0
53.49,51,0
57.19,19,3
49.38,37,0
38.82,16,2
49.88,37,0
48.81,30,0
58.86,42,0
45.22,39,0
49.25,25,0
71.53,49,0
49.41,38,0
63.19,21,3
48.68,22,0
50.11,34,0
43.56,24,0
49.36,23,0
23.03,21,2
36.14,30,0
37.48,26,0
46.35,35,0
41.54,27,0
66.05,36,0
47.09,27,0
33.84,35,0
41.45,37,0
56.09,9,3
54.66,34,0
53.23,47,0
53.51,33,0
48.56,37,0
35.91,30,0
58.04,28,0
37.16,19,2
42.45,16,2
62.65,41,0
51.42,35,0
46.31,22,0
51.36,33,0
63.62,41,0
56.54,39,0
48.58,36,0
30.37,37,0
51.75,37,0
61.68,24,0
56.54,33,0
41.22,13,2
46.08,35,0
53.21,39,0
57.95,21,0
53.4,45,0
50.32,40,0
62.06,37,0
32.9,36,0
43.48,15,2
47.76,25,0
41.61,4,2
28.72,37,0
53.37,40,0
37.81,34,0
48.7,46,0
53.23,40,0
43.47,33,0
64.55,30,0
59.34,38,0
29.92,49,0
45.67,39,0
44.99,36,0
51.07,13,3
57.87,38,0
57.9,34,0
45.41,32,0
66.97,33,0
49.37,40,0
49.54,21,0
51.73,61,0
29.68,30,0
66.12,38,0
52.68,30,0
50.32,46,0
63.2,40,0
45.12,25,0
38.69,22,0
50.77,32,0
48,23,0
55.36,47,0
53.11,48,0
38.51,28,0
38.96,21,2
27.4,30,0
34.95,35,0
68.86,31,0
60.4,28,0
37.33,38,0
59.63,24,0
33.92,43,0
43.98,6,2
53.74,31,0
45.51,33,0
55.09,19,3
68.87,18,3
58.44,19,3
43.75,19,2
47.07,33,0
47.89,28,0
53.3,41,0
57.02,37,0
43.44,31,0
38.49,21,2
61.08,24,0
62.52,41,0
60.04,34,0
53.63,20,0
44.96,46,0
43.37,50,0
31.88,30,0
41.01,37,0
53.72,13,3
48.05,18,2
63.38,41,0
55.92,22,0
51.54,22,0
39.27,34,0
59.22,14,3
57.77,14,3
60.84,9,3
63.59,21,3
53.12,30,0
58.89,9,3
61.69,36,0
49.56,24,0
45.44,29,0
50.28,21,0
47.42,35,0
45.8,28,0
38.07,23,0
44.13,24,0
51.91,59,0
51.7,36,0
39.66,19,2
49.73,26,0
52.86,24,0
55.81,29,0
42.86,24,0
52.31,25,0
62.35,28,0
32.9,16,2
48.51,23,0
45.33,12,2
49.09,12,2
37.89,14,2
67.15,17,3
48.01,32,0
45.44,28,0
52.54,22,0
59.23,40,0
31.85,37,0
49.4,54,0
51.11,25,0
64.34,47,0
58.32,42,0
46.99,13,2
65.75,34,0
62.34,12,3
51.33,38,0
50,27,0
63.06,27,0
64.66,24,0
54.99,36,0
40.95,35,0
52.29,40,0
40.47,30,0
59.56,42,0
58,46,0
55.12,34,0
59.21,26,0
65.54,39,0
55.64,24,0
62.4,40,0
51.01,22,0
48.83,24,0
57.58,35,0
47.21,34,0
49.26,26,0
59.51,30,0
46.12,33,0
51.7,37,0
85.36,17,3
40.04,35,0
34.77,5,2
45.1,4,2
56,8,3
38.14,5,2
53.39,5,3
50.55,7,3
48.8,6,2
55.99,3,3
48.37,4,2
55.19,6,3
51.51,5,3
43.29,9,2
44.96,7,2
43.45,5,2
48.92,8,2
52.9,6,3
50.99,5,3
45.08,5,2
53.36,2,3
53.27,4,3
51.93,6,3
64.96,6,3
49.22,5,2
59.82,7,3
45.24,4,2
60.4,7,3
35.14,5,2
43.86,6,2
57.49,6,3
47.98,7,2
48.33,7,2
52.42,3,3
40.59,6,2
42.54,3,2
39.43,6,2
67.04,4,3
32.58,5,2
41.75,9,2
55.95,4,3
49.61,4,2
43.04,8,2
33.5,5,2
47.25,6,2
47.47,7,2
29.47,8,2
52.55,2,3
52.6,3,3
58.98,6,3
44.94,4,2
59.72,7,3
57.38,5,3
46.76,6,2
35.58,5,2
42.55,10,2
46.44,5,2
29.66,1,2
30.77,8,2
65.73,8,3
73.5,6,3
41.94,3,2
38.2,6,2
49.47,4,2
42.9,6,2
44.02,4,2
74.03,6,3
41.73,7,2
63.6,4,3
59.71,4,3
51.75,4,3
49.68,5,2
43.6,1,2
60.76,6,3
44.84,2,2
53.99,4,3
46.74,4,2
48.99,7,2
56.28,4,3
49.19,3,2
51.3,5,3
62.3,6,3
64.5,5,3
43.31,3,2
50.87,4,3
33.18,1,2
60.07,2,3
47.48,2,2
38.98,5,2
61.65,4,3
60.52,9,3
50.87,4,3
40.61,4,2
61.48,3,3
50.18,6,3
50.89,10,3
51.97,4,3
52.07,5,3
31.06,3,2
52.44,6,3
35.84,9,2
52.66,7,3
50.39,4,3
54.05,1,3
25.78,3,2
51.53,8,3
36.51,7,2
48.2,6,2
47.23,5,2
60.59,6,3
59.46,8,3
54.7,4,3
45.16,4,2
44.92,3,2
53.44,5,3
32.54,9,2
44.51,5,2
62.26,6,3
39.05,3,2
37.68,4,2
42.33,10,2
66.06,4,3
32.94,7,2
39.67,4,2
63.08,9,3
73.78,4,3
45.24,5,2
59.71,9,3
39.79,6,2
35.93,6,2
49.1,5,2
50.22,8,3
68.63,8,3
62.03,6,3
55.64,7,3
55.4,8,3
52.28,8,3
39.84,1,2
35.52,5,2
48.79,3,2
70.7,2,3
61.92,4,3
59.86,4,3
68.37,5,3
47.65,4,2
46.7,0,2
31.24,1,2
49.47,10,2
50.58,8,3
38.61,6,2
42.83,6,2
59.72,7,3
50.21,2,3
38.04,7,2
66.87,6,3
31.07,3,2
57.66,6,3
50.89,5,3
35.99,5,2
62.2,4,3
56.52,2,3
63.05,1,3
46.99,3,2
30.45,2,2
58.23,6,3
37.05,5,2
31.14,4,2
28.91,4,2
58.82,4,3
34.34,3,2
32.49,3,2
57.76,3,3
73.89,4,3
38.4,8,2
44.13,5,2
42.26,6,2
45.89,7,2
62.56,8,3
53.54,6,3
55.4,4,3
48.81,3,2
51.01,7,3
36.88,7,2
56.42,6,3
39.94,4,2
38.7,8,2
47.39,6,2
64.67,3,3
67.47,5,3
49.39,6,2
43.1,6,2
34.03,5,2
32.72,0,2
60.65,5,3
57.26,6,3
55.1,4,3
61.06,4,3
38.91,4,2
51.35,3,3
56.87,6,3
50.2,5,3
55.34,6,3
47.95,3,2
47.47,6,2
35.44,6,2
31.45,8,2
28.16,3,2
68.57,6,3
41.5,5,2
53.75,8,3
37.47,5,2
55.63,4,3
50.45,7,3
51.61,3,3
38.08,7,2
37.26,5,2
33.01,4,2
45.87,6,2
45.45,4,2
53.15,8,3
54.58,5,3
53.08,2,3
43.09,4,2
34.46,4,2
52.19,4,3
55.54,5,3
51.45,5,3
62.7,1,3
50.18,8,3
53.44,6,3
53.42,4,3
54.52,4,3
50.89,6,3
64.49,9,3
51.92,8,3
57.49,6,3
42.97,1,2
43.27,4,2
44.69,6,2
54.16,3,3
50.07,4,3
48.42,5,2
42.59,6,2
50.69,4,3
62.86,3,3
51.78,2,3
47.89,3,2
38.05,1,2
54.09,4,3
38.88,4,2
58,5,3
42.04,5,2
35.44,2,2
43.73,8,2
65.7,5,3
43.3,5,2
54.89,3,3
54.69,6,3
46.22,6,2
47.7,5,2
39.19,8,2
57.11,3,3
47.65,7,2
38.13,2,2
33.77,4,2
54.62,6,3
51.86,4,3
56.75,6,3
50.98,4,3
46.99,6,2
52.3,4,3
47.64,5,2
28.82,9,2
53.48,2,3
45.16,6,2
56.73,4,3
71.55,4,3
32.1,2,2
41.81,3,2
52.98,3,3
43.82,3,2
40.81,3,2
46.33,8,2
37.48,6,2
42.87,4,2
54.26,5,3
46.69,6,2
48.46,6,2
56.82,8,3
48.73,4,2
38.76,4,2
38.23,2,2
54.06,6,3
42.25,9,2
35.22,3,2
43.64,5,2
45.7,5,2
45.41,6,2
70.97,4,3
36.19,4,2
56.54,3,3
44.52,1,2
42.87,6,2
33.86,5,2
65.17,10,3
42.75,4,2
42.59,6,2
45.15,3,2
49.7,3,3
55.39,2,3
32.12,6,2
60.07,6,3
62.34,3,3
75.84,3,3
49.46,8,2
58.15,7,3
49.1,9,2
45.97,4,2
37.1,6,2
55.74,6,3
42.81,6,2
53.28,5,3
43.15,3,2
54.53,4,3
69.29,4,3
42.99,4,2
66.21,4,3
50.94,5,3
53.75,6,3
45.17,5,2
44.64,7,2
39.62,7,2
54.55,7,3
53.05,4,3
54.35,1,3
48.64,6,2
49.34,5,2
46.83,2,2
31.81,4,2
34.46,3,2
27.3,5,2
53.95,3,3
46.57,6,2
33.36,6,2
36.42,7,2
65.73,5,3
49.9,5,3
56.31,3,3
33.04,3,2
48.62,10,2
47.42,5,2
68.57,4,3
45.07,4,2
56.07,7,3
47.01,6,2
51.53,6,3
51.81,7,3
66.83,6,3
50.79,4,3
46.33,2,2
30.52,11,2
41.67,1,2
53.38,7,3
60.45,6,3
41.56,3,2
28.94,4,2
43.5,8,2
56.31,6,3
67.77,4,3
41.93,2,2
71.73,5,3
57.04,0,3
38.44,7,2
55.64,5,3
57.39,2,3
60.07,3,3
46.69,2,2
46.59,3,2
55.64,3,3
46.09,4,2
46.25,2,2
61.75,8,3
66.17,4,3
58.07,6,3
56.07,4,3
49.81,6,3
49.75,5,3
35.17,9,2
55.71,5,3
49.71,4,3
48.97,3,2
61.79,5,3
42.77,7,2
47.63,8,2
67.19,4,3
52.03,3,3
55.64,5,3
44.09,5,2
49.52,7,2
49.78,4,3
39.56,5,2
50.54,8,3
39.46,9,2
41.69,5,2
48.03,8,2
37.91,5,2
40.81,4,2
58.1,2,3
49.63,5,2
59.36,7,3
37.14,6,2
49.41,6,2
57.34,2,3
46.58,7,2
42.21,6,2
41.14,2,2
37.63,3,2
60.88,5,3
64.56,3,3
58.97,6,3
51.2,6,3
52.84,3,3
22.36,5,2
60.75,2,3
60.38,4,3
64.18,1,3
71.11,6,3
31.35,3,2
52.38,4,3
54.01,4,3
51.31,5,3
65.89,3,3
51.92,7,3
57.51,5,3
48.94,3,2
34.86,6,2
42.96,3,2
38.96,4,2
41.74,8,2
66.37,5,3
31.92,4,2
52.07,6,3
55.77,5,3
59.03,4,3
49.53,7,2
56.58,7,3
33.62,7,2
70.55,6,3
63.68,2,3
61.78,9,3
39.21,8,2
37.13,5,2
57.08,6,3
24.9,8,2
55.34,5,3
43.47,7,2
73.8,6,3
58.36,10,3
52.88,4,3
44.65,6,2
46.85,5,2
55.2,7,3
58.28,0,3
67.36,6,3
50.38,5,3
56.21,1,3
47.79,6,2
63.18,5,3
57.18,5,3
58.44,6,3
60.4,6,3
43.94,4,2
53.34,3,3
42.96,3,2
46.07,3,2
52.09,9,3
57.35,5,3
72.05,7,3
55.19,4,3
33.32,4,2
51.53,4,3
52.11,5,3
46.24,7,2
51.59,6,3
63.62,6,3
59.02,5,3
53.71,6,3
60.37,6,3
56,9,3
58.05,5,3
50.86,6,3
39.44,8,2
44.61,8,2
54.2,10,3
36.76,5,2
74.83,4,3
46.57,6,2
50.74,4,3
46.85,4,2
52.01,4,3
63.96,6,3
68.24,2,3
43.22,7,2
51.73,6,3
44.04,5,2
53.66,6,3
54.99,4,3
59.09,5,3
64.15,6,3
28.36,7,2
57.13,4,3
54.29,9,3
70.87,7,3
46.55,5,2
64.77,5,3
48.84,5,2
51.37,2,3
75.54,7,3
44.68,7,2
46.59,4,2
46.66,8,2
50.36,3,3
51.39,4,3
53.95,2,3
57.78,7,3
45.77,4,2
44.64,6,2
42.6,2,2
63.59,3,3
53.75,6,3
55.88,3,3
31.35,7,2
42.2,5,2
50.1,7,3
40.18,4,2
43.8,3,2
41.84,7,2
57.03,4,3
70.83,5,3
54.96,3,3
72.8,1,3
45.58,5,2
61.79,3,3
39.81,4,2
60.9,3,3
53.76,9,3
55.85,5,3
63.36,6,3
63.15,6,3
58.98,6,3
44.21,5,2
42.09,2,2
39.78,5,2
70.77,5,3
54.82,3,3
54.07,5,3
56.74,7,3
42.78,5,2
22.27,7,2
43.07,4,2
43.5,4,2
58.48,8,3
40.4,6,2
54.84,5,3
51.83,6,3
53.08,2,3
51.08,7,3
63.84,1,3
40.95,6,2
48.07,4,2
63.67,7,3
56.59,2,3
39.37,5,2
46.7,6,2
50.53,6,3
54.02,4,3
47.21,4,2
48.05,9,2
52.01,7,3
65.61,4,3
58.38,5,3
51.45,5,3
51.74,3,3
54.57,3,3
53.41,8,3
46.4,5,2
39.22,3,2
56.13,5,3
48.63,7,2
40.75,4,2
50.55,5,3
45.64,3,2
59.35,4,3
50.47,1,3
36.82,3,2
46.86,4,2
43.53,2,2
48.16,6,2
48.21,2,2
59.44,7,3
42.9,6,2
57.77,2,3
46.41,5,2
40.59,9,2
44.24,4,2
60.7,1,3
52.5,3,3
56.38,10,3
45.2,6,2
48.46,6,2
48.5,6,2
45.83,2,2
54.89,4,3
38.09,2,2
52.25,5,3
48.21,8,2
50.43,7,3
50.07,2,3
48.47,9,2
66.46,6,3
40.46,5,2
15.52,3,2
62.54,4,3
39.57,6,2
47.88,7,2
27.5,3,2
45.97,7,2
42.01,4,2
62.54,4,3
46.36,3,2
47.58,10,2
51.68,4,3
71.04,4,3
55.43,4,3
36.37,2,2
52.4,3,3
36.89,6,2
54.39,7,3
54.56,5,3
60.76,5,3
30.32,3,2
58.49,6,3
59.55,8,3
30.84,7,2
44.06,1,2
37.52,6,2
64.31,5,3
50.05,4,3
54.52,6,3
56.53,5,3
59.16,8,3
56.49,6,3
33.68,4,2
54.42,7,3
47.62,5,2
52.44,7,3
55.47,7,3
41.38,8,2
60.32,3,3
42.71,5,2
41.83,8,2
48.98,4,2
57.87,5,3
41.84,4,2
55.12,6,3
38.5,1,2
37.73,4,2
36.91,3,2
37.5,6,2
60.28,2,3
45.51,6,2
51.59,4,3
49.46,6,2
57.05,4,3
41.16,2,2
55.64,5,3
56.91,3,3
57.02,7,3
60.17,5,3
45.68,3,2
68.44,6,3
58.77,5,3
51.97,2,3
58.28,5,3
50.39,5,3
23.9,6,2
36.91,6,2
48.86,4,2
70.21,6,3
61.06,3,3
49.54,9,2
47.36,7,2
54.75,5,3
62.01,4,3
56.41,3,3
32.09,2,2
42.75,7,2
73.66,5,3
54.27,5,3
42.71,7,2
46.62,3,2
45.74,4,2
53.28,5,3
41.83,5,2
48.76,4,2
47.89,4,2
49.28,2,2
56.76,6,3
42.92,6,2
44.74,8,2
51.19,5,3
41.78,5,2
47.95,9,2
58.91,6,3
52.6,7,3
53.59,2,3
48.09,6,2
39.06,1,2
57.59,4,3
44.44,3,2
59.68,4,3
57.78,4,3
27.86,8,2
48.62,9,2
54.09,5,3
39.3,2,2
38.32,5,2
43.68,1,2
53.08,5,3
55.26,5,3
51.24,2,3
50.03,3,3
49.38,3,2
68.26,5,3
44.97,8,2
43.36,3,2
42,8,2
56.86,6,3
36.67,7,2
34.28,2,2
57.2,5,3
61.23,7,3
41.21,5,2
43.36,4,2
43.16,6,2
55.7,5,3
46.44,5,2
55.43,3,3
55.96,8,3
60.51,2,3
55.29,6,3
64.11,5,3
47.18,7,2
49.05,5,2
41.91,5,2
39.94,6,2
52.03,5,3
47.6,4,2
57.05,9,3
57.45,5,3
29.65,3,2
44.09,4,2
61.38,9,3
39.04,4,2
48.86,10,2
42.99,8,2
53.51,8,3
63.68,6,3
35.51,7,2
38.84,4,2
52.64,6,3
65.57,6,3
47.85,7,2
57.64,4,3
62.54,7,3
52.2,7,3
35.54,7,2
41.49,6,2
49.31,6,2
33.9,6,2
41.13,4,2
57.57,1,3
40.22,6,2
39.79,4,2
56.45,4,3
51.2,3,3
54.34,6,3
75.52,0,3
37.02,2,2
57.63,8,3
37.91,7,2
36.49,5,2
44.97,9,2
49.35,10,2
53,4,3
56.63,5,3
66.45,4,3
41.42,7,2
59.14,8,3
36.8,4,2
55.03,2,3
51.24,5,3
45.52,4,2
50.75,5,3
73.97,3,3
40.05,5,2
49.55,3,2
60.58,3,3
36.12,4,2
43.7,7,2
77.82,9,3
42.41,7,2
46.46,6,2
42.52,5,2
48.96,6,2
41.59,3,2
58.07,5,3
49.89,9,3
71.42,3,3
48.29,5,2
47.24,3,2
42,5,2
52.11,8,3
54.97,5,3
58.11,9,3
72.99,4,3
58.53,2,3
56.08,4,3
33.77,3,2
39.31,3,2
33.46,8,2
48.75,8,2
64.69,5,3
38.47,2,2
47.13,3,2
50.73,9,3
34.4,2,2
33.48,5,2
45.9,7,2
49.23,3,2
51.51,6,3
49.18,5,2
57.78,5,3
28.74,5,2
45.15,5,2
50.93,7,3
61.99,5,3
47.9,3,2
65.76,4,3
56.57,8,3
48.53,4,2
53.39,7,3
43.86,8,2
58.52,6,3
66.75,7,3
68.18,5,3
62.89,5,3
55.64,4,3
53.12,6,3
57.4,9,3
35.52,6,2
40,3,2
58.5,5,3
27.59,7,2
45.9,6,2
62.47,7,3
38.7,5,2
53.45,4,3
56.48,3,3
58.94,5,3
58.46,8,3
58.46,5,3
57.82,1,3
46.11,4,2
57.25,6,3
35.04,5,2
38.49,7,2
62.91,4,3
51.77,5,3
34.74,8,2
48.67,3,2
72.61,4,3
41.2,3,2
45.08,4,2
54.41,7,3
36.24,2,2
43.29,4,2
35.7,2,2
49.07,7,2
53.42,7,3
66.52,2,3
54.8,8,3
51.22,4,3
40.14,1,2
45.01,7,2
67.27,3,3
55.42,6,3
45,7,2
63.99,5,3
50.13,7,3
41.71,8,2
64.48,3,3
52.58,7,3
50.79,5,3
60.41,8,3
44.97,6,2
43.83,3,2
41.84,7,2
60.82,5,3
46.26,7,2
44.7,4,2
42.04,3,2
38.93,1,2
57.13,5,3
37.52,1,2
59.66,3,3
49.6,4,2
40.66,7,2
48.05,7,2
55.67,3,3
43.35,3,2
46.51,6,2
70.91,7,3
44.03,7,2
35.2,6,2
43.3,5,2
44.78,6,2
52.82,5,3
37.21,5,2
42.7,6,2
33.32,8,2
58.67,6,3
58.13,7,3
47.11,6,2
45.39,6,2
39.61,6,2
63.94,4,3
45.15,3,2
59.59,6,3
64.19,4,3
45.63,7,2
47.64,3,2
63.75,8,3
54.16,5,3
66.42,4,3
45.96,4,2
37.21,6,2
70.05,7,3
54.32,3,3
49.09,5,2
47.47,7,2
56.14,6,3
47.57,5,2
55.15,9,3
52.99,9,3
68.57,4,3
35.46,5,2
27.32,6,2
44.74,2,2
46.55,5,2
36.59,7,2
45.58,0,2
68.64,9,3
36.22,5,2
43.94,6,2
39.21,5,2
32.36,5,2
70.25,6,3
51.06,7,3
46.92,6,2
44.49,7,2
62.01,2,3
32.33,7,2
54.26,3,3
52.53,6,3
50.69,8,3
53.79,5,3
36.19,2,2
42.01,4,2
31.12,5,2
56.16,6,3
62.38,2,3
52.32,6,3
34.81,3,2
42.03,4,2
43.61,8,2
63.2,7,3
41.61,4,2
33.45,5,2
39.06,8,2
53.51,1,3
19.62,3,2
41.26,7,2
51.31,3,3
32.51,2,2
53.18,7,3
51.24,5,3
48.97,4,2
68.7,3,3
74.14,5,3
38.76,6,2
46.39,6,2
56.55,2,3
50.93,10,3
44.51,1,2
76.31,4,3
59.02,3,3
45.85,6,2
59.98,6,3
44.15,5,2
56.09,11,3
41.52,5,2
71.33,4,3
66.13,4,3
38.77,5,2
48.5,7,2
43.65,5,2
52.81,10,3
57.35,7,3
57.27,4,3
58.51,6,3
48.44,7,2
45.99,3,2
62.48,8,3
53.07,1,3
43.96,5,2
55.07,6,3
34.54,2,2
50.82,6,3
55.45,8,3
50.43,7,3
59.81,8,3
48.09,3,2
64.81,8,3
48.74,7,2
53.44,1,3
52.31,3,3
38.29,6,2
47.79,9,2
71.67,7,3
37.41,5,2
52.13,7,3
63.03,2,3
52.1,2,3
47.39,5,2
42.57,5,2
76.89,5,3
52.59,6,3
56.08,8,3
38.66,1,2
45.23,5,2
52.85,5,3
56.87,6,3
36.66,4,2
48.88,2,2
60.99,4,3
48.69,6,2
36.84,6,2
36.08,5,2
49.37,3,2
51.82,5,3
42.53,4,2
44.13,6,2
53.27,6,3
54.33,6,3
65.01,6,3
51.46,4,3
56.07,6,3
53.48,5,3
71.54,1,3
44.69,3,2
36.53,6,2
50.75,4,3
57.83,7,3
47.41,3,2
52.98,6,3
46.99,6,2
66.27,5,3
33.42,9,2
61.98,4,3
34.11,1,2
52.42,7,3
57.05,5,3
54.73,5,3
64.47,2,3
31.38,7,2
68.87,5,3
57.61,5,3
57.65,8,3
58.08,4,3
51.31,6,3
66.32,6,3
51.75,5,3
51.75,6,3
34.26,5,2
48.79,6,2
23.46,2,2
61.32,4,3
44.18,5,2
38.98,7,2
41.52,8,2
64.71,5,3
55.04,4,3
41.94,3,2
46.88,6,2
73.97,3,3
35.55,5,2
51.54,9,3
53.32,4,3
63.86,2,3
33.69,8,2
47.34,6,2
35.38,4,2
61.31,4,3
55.71,1,3
58.87,3,3
43.3,5,2
36.19,8,2
47.62,5,2
39.87,5,2
51.76,9,3
46.82,5,2
59.73,8,3
60.88,7,3
55.99,4,3
46.93,3,2
62.48,2,3
59.47,5,3
49.09,5,2
42.49,5,2
36.63,5,2
57.03,6,3
40.71,6,2
42.1,6,2
53.8,3,3
53.5,2,3
37.27,6,2
44.17,6,2
39.32,5,2
48.39,6,2
57.14,5,3
47.26,3,2
38.03,5,2
31.36,5,2
68.26,6,3
54.23,2,3
52.52,1,3
52.19,3,3
78.26,4,3
78.56,4,3
58.48,5,3
47.36,7,2
50.25,6,3
76.26,2,3
34.12,4,2
49.99,7,3
60.89,6,3
51.83,6,3
40.4,2,2
64.86,8,3
51.32,3,3
55.83,4,3
61.88,2,3
45.35,4,2
55.7,1,3
40.17,2,2
61.46,7,3
41.67,4,2
44.85,3,2
53.25,8,3
41.92,5,2
63.38,4,3
55.52,8,3
59.16,7,3
62.14,6,3
33.4,9,2
41.01,3,2
39.59,3,2
48.31,6,2
47.96,4,2
40.43,5,2
50.35,4,3
46.08,3,2
48.83,5,2
50.29,4,3
56.23,4,3
36.93,4,2
51.13,8,3
45.21,3,2
47.56,8,2
49.5,9,2
41.22,8,2
65.02,3,3
61.22,9,3
39.6,7,2
59.64,6,3
50.75,8,3
55.84,3,3
51.12,6,3
54.09,6,3
45.71,7,2
64.43,5,3
51.49,2,3
42.73,5,2
55.28,2,3
46.47,7,2
65.79,3,3
42.04,5,2
52.88,5,3
51.86,2,3
42.75,4,2
41.34,3,2
37.14,6,2
51.39,9,3
41.93,4,2
64.54,7,3
50.24,8,3
43.43,10,2
26.87,3,2
55.75,3,3
51.23,5,3
45.6,4,2
53.04,9,3
74.2,3,3
68.53,3,3
61.21,1,3
51.91,2,3
39.73,7,2
63.49,4,3
41.37,1,2
58.09,6,3
41.1,4,2
29.32,6,2
53.43,5,3
42.54,5,2
48.38,6,2
53.68,2,3
43.9,1,2
50.56,4,3
62.59,4,3
37.18,3,2
48.98,6,2
46.67,6,2
56.56,3,3
48.74,3,2
63.24,3,3
36.26,11,2
37.36,2,2
48.48,1,2
29.42,7,2
55.04,5,3
54.05,2,3
49.24,1,2
51.72,5,3
43.03,7,2
56.77,7,3
31.62,5,2
30.61,2,2
39.68,4,2
44.39,4,2
47.51,9,2
59.39,5,3
65.3,5,3
44.3,3,2
47.74,3,2
57.2,7,3
37.62,3,2
44.39,3,2
51.67,5,3
59.58,4,3
42.08,7,2
34.59,5,2
60.39,8,3
59.46,6,3
56.72,3,3
55.09,4,3
59.63,3,3
54.41,4,3
46.15,5,2
29.92,4,2
52.07,3,3
57.64,6,3
55.9,3,3
44.65,4,2
60.79,6,3
50.38,6,3
62.09,3,3
51.05,4,3
53.11,2,3
64.75,7,3
61.68,6,3
51.3,5,3
59.63,1,3
56.13,6,3
42.12,4,2
60.37,7,3
37.6,6,2
51.12,4,3
46.04,2,2
42.52,10,2
66.51,10,3
37.17,5,2
55.8,5,3
56.27,4,3
65.04,8,3
43.77,6,2
63.01,7,3
42.77,6,2
44.26,8,2
55.84,9,3
52.42,7,3
29.67,5,2
46.95,8,2
46.28,5,2
55.74,5,3
56.12,3,3
54.26,4,3
56.04,1,3
60.79,8,3
50.19,5,3
50.72,6,3
52.72,2,3
61.67,5,3
47.17,5,2
51.93,5,3
38.38,6,2
57.32,9,3
39.57,4,2
68.99,4,3
35.39,7,2
56.91,8,3
48.66,4,2
57.91,4,3
41.25,6,2
46.26,8,2
27.99,2,2
40.4,5,2
45.54,3,2
34.68,6,2
48.75,6,2
46.79,7,2
53.83,6,3
51.13,5,3
61.03,7,3
32.3,5,2
55.84,5,3
29.73,4,2
58.43,5,3
45.56,3,2
56.99,7,3
42.04,4,2
54.03,3,3
49.17,5,2
55.12,6,3
39.28,6,2
39.88,4,2
34.49,8,2
50.52,7,3
40.7,2,2
53.33,3,3
34.04,5,2
45.54,11,2
52.09,8,3
45.01,8,2
52.06,3,3
58.46,5,3
37.58,7,2
46.91,2,2
48.57,8,2
25.39,7,2
53.29,8,3
55.97,3,3
39.14,7,2
48.74,4,2
52.26,2,3
67.57,7,3
38.43,4,2
29.59,4,2
39.81,8,2
37.84,3,2
53.56,2,3
48.79,2,2
37.66,2,2
52.05,7,3
65.27,6,3
38.74,6,2
29.28,3,2
21.6,3,2
28.7,0,2
46.08,7,2
42.02,5,2
49.96,1,3
48.05,9,2
61.36,5,3
52.83,7,3
69.19,4,3
33.2,3,2
51.27,5,3
54.48,2,3
42.47,7,2
46.2,5,2
47.92,2,2
49.43,5,2
38.26,5,2
30.5,5,2
48.88,7,2
49.45,4,2
60.69,6,3
57.36,7,3
51.15,6,3
30.3,1,2
55.41,3,3
44.98,3,2
56.9,10,3
36.37,5,2
55.2,1,3
66.98,9,3
65.93,3,3
50.89,5,3
40.97,3,2
46.17,3,2
43.19,5,2
42.01,6,2
66.26,6,3
48.41,6,2
64.68,10,3
65.17,2,3
40.48,4,2
38.74,7,2
39.83,4,2
42.94,3,2
54.04,7,3
35.32,6,2
62.47,4,3
39.72,7,2
47.95,9,2
40.29,7,2
51.25,5,3
51.77,3,3
32.28,8,2
44.08,5,2
52.84,4,3
48.98,3,2
57,8,3
58.22,5,3
41.38,2,2
45.01,7,2
43.28,9,2
52.78,9,3
37.25,8,2
53.88,3,3
53.84,6,3
52.7,1,3
44.56,4,2
50.16,7,3
51.76,4,3
40.61,4,2
56.47,8,3
41.94,6,2
62.92,7,3
65.48,7,3
48.82,2,2
39.13,4,2
30.27,4,2
47.01,6,2
39.04,4,2
36.6,4,2
60.09,3,3
38.5,7,2
60.46,3,3
48.26,5,2
46.74,2,2
44.85,2,2
61.38,6,3
63.88,6,3
44.43,4,2
59.64,6,3
55.07,1,3
56.72,7,3
52.33,4,3
47.04,7,2
45.59,6,2
45.47,5,2
50.18,3,3
38.85,8,2
51.57,3,3
56.38,1,3
43.52,8,2
53.46,5,3
45.74,4,2
46.48,6,2
50.63,8,3
43.06,3,2
34.77,4,2
47.34,5,2
59.12,11,3
41.22,4,2
46.41,10,2
45.58,4,2
45.28,7,2
55.43,6,3
54.32,4,3
40.04,3,2
62.46,5,3
60.24,4,3
54.78,6,3
52.11,4,3
46.1,6,2
46.13,9,2
45.62,5,2
56.74,3,3
42.62,4,2
74.88,7,3
33.22,3,2
39.93,4,2
60.35,2,3
54.66,4,3
34.96,6,2
58.1,8,3
46.64,2,2
63,6,3
48.1,9,2
38.66,3,2
48.91,0,2
63.5,4,3
44.26,4,2
36.23,3,2
45.16,5,2
49.35,8,2
49.73,11,3
54.63,5,3
54.04,7,3
60.63,6,3
40.05,0,2
61.61,1,3
45.63,8,2
40.1,4,2
35.24,7,2
49.02,7,2
50.07,8,3
54.38,4,3
56.85,3,3
42.39,4,2
49.53,4,2
37.42,8,2
57.2,6,3
38.4,4,2
50.1,5,3
53.42,1,3
50.55,4,3
45.7,7,2
48.56,3,2
59.31,7,3
46.6,4,2
49.49,3,2
40.67,5,2
62.34,3,3
56.89,7,3
52.19,4,3
39.67,5,2
49.69,5,3
56.33,3,3
44.21,5,2
43.54,6,2
33.63,5,2
58.27,1,3
40.18,6,2
50.38,5,3
37.68,5,2
50.65,3,3
44,7,2
50.05,8,3
56.99,7,3
66.04,5,3
33.17,2,2
45.31,6,2
64.43,8,3
52.05,4,3
45.12,4,2
55.8,8,3
55.43,4,3
43.25,4,2
55.56,4,3
47.95,8,2
66.13,5,3
50.75,2,3
64.75,4,3
36.52,7,2
60.46,4,3
49.37,9,2
50.69,7,3
70.29,8,3
50.64,2,3
38.68,4,2
56.9,3,3
43.42,8,2
40,6,2
66.08,4,3
62.75,6,3
50.25,10,3
41.55,3,2
51.98,3,3
56.02,5,3
47.55,3,2
45.86,6,2
44.31,4,2
63.6,2,3
51.62,6,3
47.76,3,2
49.68,9,2
45.02,5,2
37.79,3,2
49.27,5,2
39.67,9,2
50.9,9,3
29.54,5,2
44.2,6,2
59.43,5,3
45.78,8,2
48.82,5,2
51.48,6,3
36.11,9,2
47.52,6,2
57.27,9,3
47.95,5,2
49.19,7,2
54,4,3
52.27,7,3
62.39,4,3
48.22,5,2
71.83,5,3
42.53,3,2
41.02,9,2
39.76,8,2
54.67,4,3
65.55,3,3
56.67,5,3
58.09,3,3
45.26,11,2
48.47,6,2
60.23,2,3
39.97,3,2
67.34,1,3
67.87,3,3
29.69,6,2
54.15,5,3
51.15,3,3
50.1,5,3
68.64,3,3
54.16,3,3
43.23,3,2
63.62,4,3
52.73,3,3
64.16,7,3
50.08,3,3
47.15,3,2
49.3,1,2
43.37,4,2
49.88,5,3
55.95,8,3
47.52,8,2
56.61,6,3
53.26,6,3
55.77,5,3
44.67,7,2
55.07,4,3
39.75,3,2
65.73,5,3
49.55,3,2
59.63,4,3
54.67,5,3
56.32,8,3
44.71,6,2
45.95,3,2
54.84,6,3
47.34,6,2
45.73,3,2
48.84,7,2
57.45,6,3
60.97,9,3
50.64,4,3
52.12,5,3
34.72,5,2
53.49,4,3
56.82,3,3
50.26,5,3
44.29,6,2
29.93,4,2
58.14,7,3
43.63,8,2
52.03,4,3
55.81,6,3
69.54,7,3
35.54,6,2
37.06,8,2
44.46,4,2
53.36,11,3
54.1,8,3
41.54,8,2
37.17,2,2
48.39,5,2
51.92,7,3
60.39,7,3
40.03,4,2
32.36,5,2
65.55,2,3
58.83,3,3
59.37,6,3
74.91,5,3
51.97,5,3
35.67,5,2
41.93,4,2
48.01,6,2
29.85,6,2
57.22,7,3
52.76,4,3
71.84,3,3
57.11,5,3
45.24,3,2
65.49,6,3
58.16,9,3
30.44,3,2
58.54,7,3
55.85,5,3
54.94,7,3
66.46,6,3
44.42,6,2
63.96,5,3
44.38,5,2
67.31,5,3
54.63,2,3
50.98,0,3
66.8,6,3
52.43,6,3
39.4,8,2
50.63,3,3
49.28,6,2
72.16,5,3
36.74,7,2
52.48,8,3
59.95,7,3
65.88,8,3
49.83,9,3
60.85,5,3
59.7,10,3
66.76,2,3
50.68,4,3
44.67,5,2
53.88,4,3
48.34,4,2
46.08,3,2
58.53,8,3
53.43,6,3
51.34,8,3
74.11,6,3
55.79,5,3
71.3,8,3
59.34,9,3
73.13,3,3
38.97,4,2
31.88,7,2
26.14,5,2
35.39,8,2
60.21,6,3
49.17,0,2
35.29,3,2
51.57,5,3
56.01,4,3
59.08,5,3
56.78,6,3
56.02,5,3
31.3,5,2
56.1,9,3
60.55,7,3
64.6,3,3
32.09,6,2
52.49,6,3
61.01,7,3
57.26,6,3
34.42,6,2
44.44,7,2
45.53,5,2
44.78,6,2
31.13,6,2
39.02,4,2
53.34,2,3
51.01,5,3
48.81,6,2
50.16,4,3
66.56,4,3
51.05,4,3
51.44,5,3
49.22,5,2
44.82,7,2
55.23,8,3
45.51,3,2
44.53,4,2
25.9,3,2
61.28,6,3
30.89,5,2
41.6,6,2
69.79,6,3
47.48,3,2
50.64,3,3
62.55,3,3
40.97,6,2
64.38,6,3
72.33,5,3
57.8,8,3
60.3,7,3
45.25,8,2
61.46,6,3
50.14,3,3
51.31,2,3
41.42,6,2
33.65,8,2
37.09,7,2
35.76,7,2
54.8,6,3
41.47,6,2
43.54,4,2
42.72,3,2
56.12,2,3
51.91,6,3
39.26,7,2
50.81,5,3
53,5,3
43.65,8,2
58.17,5,3
58.88,5,3
49.9,6,3
49.94,3,3
63.02,3,3
41.73,4,2
58.95,2,3
52.33,6,3
49.25,7,2
71.63,6,3
53.34,8,3
40.49,5,2
35.32,2,2
41.45,3,2
61.34,5,3
43.15,8,2
42.32,5,2
30.44,4,2
56.59,6,3
45.05,4,2
47.22,7,2
34.87,4,2
47.16,4,2
44.75,3,2
41.62,9,2
47.67,4,2
51.09,7,3
54.14,8,3
74.51,5,3
51.47,7,3
29.96,6,2
35.52,6,2
51.63,7,3
31.73,8,2
65.39,5,3
41.39,10,2
43.95,5,2
54.48,8,3
58.12,8,3
53.04,4,3
43.05,4,2
56.28,7,3
42.21,8,2
35.47,3,2
42.97,8,2
70.3,2,3
41.82,3,2
63.43,10,3
45.45,3,2
56.25,6,3
41.64,1,2
49.85,5,3
44.93,5,2
45.35,6,2
66.26,3,3
56.11,1,3
40.37,4,2
27.14,4,2
46.89,6,2
52.27,1,3
40.92,6,2
58.37,2,3
32.08,4,2
50.93,6,3
67.87,2,3
59.36,7,3
47.05,5,2
59.87,4,3
32.52,10,2
43.65,2,2
49.98,4,3
61.27,6,3
40.5,4,2
62.04,5,3
50.56,3,3
31.4,7,2
41.91,6,2
38.34,4,2
42.44,3,2
45.94,6,2
60.7,3,3
55.02,3,3
50.91,5,3
54.92,2,3
65.84,6,3
55.84,4,3
51.61,2,3
45.94,3,2
31.39,5,2
41.02,7,2
34.61,6,2
34,6,2
34.34,0,2
53.94,4,3
53.75,3,3
69.02,5,3
60.75,5,3
50.41,3,3
49.24,5,2
65.23,5,3
44.8,7,2
48.77,6,2
48.43,3,2
56.71,8,3
53.06,5,3
26.95,8,2
46.54,4,2
43.23,4,2
59.07,1,3
35.88,4,2
49.41,7,2
45,7,2
58.96,6,3
60.01,6,3
43.02,7,2
43.2,7,2
62.91,7,3
39.21,6,2
40.92,7,2
41.31,5,2
69.15,3,3
69.44,8,3
48.14,3,2
53.95,3,3
62.97,2,3
74.19,9,3
51.73,3,3
28.32,3,2
46.75,4,2
47.98,8,2
43.98,4,2
41.47,6,2
77.94,8,3
53.72,6,3
60.71,6,3
52.3,4,3
56.09,6,3
25.69,8,2
45.3,5,2
58.88,6,3
59.43,6,3
57.76,5,3
47.29,3,2
28.69,6,2
42.88,5,2
57.96,2,3
46.72,3,2
60.59,8,3
36.03,6,2
64.94,1,3
53.9,4,3
49.08,5,2
38.58,3,2
38.13,4,2
46.65,3,2
46.88,6,2
49.9,4,3
48.73,8,2
31.88,6,2
62.58,5,3
61.6,3,3
52.03,4,3
28.98,5,2
64.43,3,3
48.26,3,2
53.25,3,3
45.32,4,2
49.93,11,3
50.28,6,3
48.58,8,2
67.82,6,3
59.91,6,3
64.55,7,3
58.33,3,3
32.88,6,2
57.98,6,3
52.67,6,3
51.51,5,3
54.46,3,3
69.63,5,3
49.92,2,3
48.66,6,2
38.6,2,2
39.93,5,2
66.74,6,3
40.44,6,2
52.86,5,3
39.75,8,2
61.33,1,3
57.2,2,3
65.91,3,3
40,9,2
49.98,4,3
66,3,3
52.84,4,3
59.6,5,3
48.82,6,2
41.85,6,2
53.52,9,3
47.65,6,2
56.01,6,3
46.18,1,2
64.8,8,3
69.64,8,3
56.23,2,3
34.12,4,2
61.8,1,3
31.13,4,2
73.18,8,3
55.61,6,3
51.84,2,3
59.76,4,3
54.84,7,3
36.31,6,2
29.94,4,2
49.01,4,2
47.93,5,2
54.86,4,3
34.3,8,2
53.1,4,3
41.62,4,2
67.55,9,3
60.29,6,3
60.44,3,3
30.15,6,2
48.98,7,2
45.56,4,2
46.39,7,2
54.84,3,3
45.67,7,2
47,5,2
40.99,7,2
50.64,5,3
53.24,3,3
61.45,9,3
48.35,3,2
33.51,4,2
47.64,5,2
31.37,5,2
41.53,5,2
56.07,6,3
54.43,4,3
65.17,4,3
50.66,6,3
56.41,7,3
49.76,5,3
44,4,2
55.67,2,3
53.45,5,3
48.64,6,2
39.16,5,2
43.46,6,2
48.79,5,2
51.7,5,3
34.76,5,2
41.93,6,2
64.32,4,3
45.64,6,2
49.3,5,2
41.5,4,2
54.82,5,3
48.47,4,2
43.07,1,2
64.36,6,3
66.9,5,3
60.9,6,3
42.6,5,2
60.85,5,3
66.57,2,3
53.67,6,3
65.02,11,3
43.18,4,2
52,3,3
54.1,4,3
47.57,6,2
49.57,5,2
44.84,7,2
55.73,1,3
37.3,5,2
55.44,5,3
47.04,4,2
51.36,9,3
70.59,2,3
56.02,6,3
46.99,7,2
53.64,3,3
39.17,4,2
39.19,8,2
52.8,7,3
55.62,3,3
43.95,3,2
39.31,6,2
42.46,5,2
47.59,4,2
40.71,5,2
31.62,2,2
31.14,9,2
39.21,6,2
50.7,7,3
47.91,4,2
54.47,4,3
47.52,2,2
65.2,7,3
59.48,4,3
62.58,5,3
50.47,6,3
53.41,3,3
83.42,5,3
58.78,3,3
41.65,7,2
53,3,3
56.12,0,3
37.54,5,2
46.08,7,2
34.55,7,2
46.45,4,2
66.17,6,3
44.1,2,2
56.24,5,3
53.48,5,3
70.32,4,3
46.94,6,2
36.98,6,2
49.3,3,2
27.04,6,2
45.28,6,2
50.03,2,3
68.13,2,3
26.78,2,2
58.24,5,3
46.98,6,2
34.04,9,2
53.49,4,3
44.63,2,2
51.27,6,3
62.51,4,3
42.25,5,2
39.53,6,2
46.59,4,2
27.8,6,2
52.12,7,3
49.26,7,2
55.56,5,3
40.53,4,2
53.96,1,3
44.44,7,2
61.23,3,3
32.67,3,2
36.99,3,2
49.41,4,2
57.89,6,3
50.86,5,3
57.64,8,3
51.43,5,3
37.73,3,2
58.56,3,3
45.26,4,2
37.1,6,2
44.41,3,2
50.62,7,3
55.14,1,3
39.01,5,2
52.11,7,3
64.48,5,3
48.69,6,2
57.18,5,3
59.04,6,3
48.86,7,2
59.12,7,3
45.86,7,2
60.78,0,3
56.91,5,3
34.95,0,2
47.84,4,2
48.14,2,2
44.89,1,2
65.76,9,3
41.39,8,2
66.81,5,3
58.92,3,3
46.72,7,2
44.12,2,2
53.59,2,3
60.9,5,3
38.06,7,2
64.21,7,3
56.61,8,3
48.03,5,2
48.63,4,2
46.73,5,2
51.97,5,3
60.65,5,3
54.41,6,3
65.88,5,3
38.04,4,2
26.27,4,2
60.05,6,3
50.65,4,3
50.07,4,3
44.68,1,2
69.88,7,3
48.53,6,2
61.06,8,3
54.4,4,3
65.32,3,3
48.91,2,2
47.33,3,2
49.7,3,3
35.97,7,2
55.46,5,3
49.48,4,2
45.89,8,2
45.69,3,2
70.45,6,3
58.45,6,3
65.42,6,3
38.21,5,2
42.86,4,2
44.62,2,2
58.27,6,3
34.84,8,2
56.96,7,3
58.07,11,3
51.52,8,3
36.76,7,2
51.86,4,3
57.16,4,3
48.67,3,2
59,4,3
54.36,2,3
41.52,4,2
46.37,5,2
51.91,6,3
65.6,6,3
61.92,4,3
40.24,5,2
65.11,5,3
26.3,7,2
41.87,6,2
51.6,6,3
43.69,4,2
63.9,7,3
72.04,3,3
50.67,4,3
57.78,1,3
69.93,3,3
56.26,6,3
44.91,7,2
52.01,7,3
41.83,5,2
49.27,5,2
40.09,5,2
75.09,5,3
44.64,4,2
41.63,6,2
54.41,5,3
27.46,5,2
52.21,5,3
74.91,4,3
25.48,5,2
52.75,4,3
45.21,7,2
49.97,6,3
55.33,5,3
30.34,6,2
53.01,4,3
58.27,6,3
41.23,6,2
46.1,4,2
60.1,5,3
51.02,7,3
52.59,4,3
43.26,2,2
50.62,8,3
46.51,8,2
49.64,5,2
50.67,4,3
65.59,9,3
45.58,7,2
55.72,5,3
44.47,4,2
55.88,5,3
47.4,6,2
64.15,8,3
61.37,1,3
35.09,4,2
47.59,5,2
53.96,4,3
63.61,5,3
45.05,4,2
43.89,5,2
57.82,7,3
50.96,3,3
42.94,5,2
67.08,1,3
49.88,6,3
37.35,5,2
53.29,6,3
37.04,5,2
50.28,4,3
50.96,6,3
46.38,6,2
34.79,4,2
38.92,7,2
46.54,4,2
62.24,10,3
50.96,1,3
53.23,6,3
53.89,2,3
74.41,5,3
50.85,5,3
62.67,1,3
36.33,8,2
50.48,8,3
43.32,4,2
50.78,2,3
49.62,4,2
52.6,4,3
45.29,9,2
64.98,3,3
41.82,4,2
55.3,4,3
52.57,7,3
51.53,2,3
46.71,4,2
52.3,3,3
43.69,6,2
29.7,6,2
53.59,5,3
48.51,8,2
29.01,3,2
56.14,9,3
56.83,5,3
59.93,7,3
52.72,4,3
59.63,3,3
32.63,4,2
26.62,5,2
66.95,5,3
35.24,2,2
66.96,4,3
54.87,6,3
70.04,1,3
45.11,6,2
44.77,2,2
75.68,7,3
53.45,5,3
55.01,6,3
34.24,4,2
52.42,5,3
37,5,2
49.14,6,2
49.35,6,2
32.54,8,2
52.15,4,3
47.49,5,2
54.5,5,3
31.58,6,2
59.91,7,3
34.02,6,2
57.14,2,3
38.27,8,2
33.56,7,2
57.74,4,3
51.29,5,3
51.87,4,3
41.31,5,2
16.39,8,2
56.55,5,3
41,6,2
31.72,2,2
63.75,4,3
67.15,7,3
33.66,8,2
40.32,6,2
52.41,3,3
56.56,4,3
50.32,5,3
50.72,5,3
25.17,6,2
45.32,6,2
45.15,7,2
38.63,4,2
63.43,4,3
32.45,6,2
34.68,7,2
49.89,2,3
66.63,9,3
34.11,5,2
56.86,4,3
46.14,5,2
69.49,1,3
67.46,4,3
37.83,7,2
52.81,5,3
35.42,3,2
48.84,4,2
58.43,2,3
37.76,5,2
29.88,4,2
49.48,2,2
36.84,5,2
53.5,5,3
48.95,2,2
51.91,6,3
72.14,6,3
51.91,6,3
32.58,6,2
52.68,3,3
58.94,5,3
63.95,3,3
36.88,5,2
57.25,3,3
44.51,6,2
58.4,7,3
38.4,4,2
44.95,5,2
47.87,4,2
35.83,6,2
24.58,4,2
48.71,5,2
56.67,3,3
48.72,6,2
47.6,1,2
55.05,6,3
62.81,6,3
50.86,4,3
51.63,4,3
27.83,5,2
50.4,7,3
53.69,5,3
48.17,4,2
38.25,6,2
54.66,3,3
42.41,7,2
52.04,1,3
67.41,4,3
50.71,7,3
48.45,6,2
58.03,4,3
64.12,4,3
41.6,7,2
42.32,6,2
69.72,4,3
60.39,7,3
57.86,6,3
58.88,6,3
54.94,7,3
48.64,4,2
69.66,4,3
55.4,9,3
42.27,4,2
58.67,1,3
58.64,1,3
49.85,8,3
37.14,2,2
33.95,5,2
40.72,6,2
56.34,6,3
72.41,7,3
48.52,7,2
68.6,4,3
61.86,7,3
52.59,5,3
50.94,6,3
58.56,7,3
62.48,7,3
27.48,5,2
37.26,1,2
70.3,3,3
42.54,5,2
54.23,5,3
52.43,11,3
54.87,4,3
33.42,4,2
67.51,7,3
52.69,1,3
55.16,7,3
52.11,4,3
54.27,6,3
56.07,5,3
46.64,5,2
39.64,4,2
43.58,7,2
54.64,5,3
39.87,4,2
52.7,7,3
45.53,4,2
50.34,6,3
53.39,4,3
44.5,8,2
62.6,6,3
53.76,4,3
54.1,7,3
56.2,6,3
49.33,7,2
72.9,7,3
45.83,2,2
57.25,0,3
66.67,5,3
34.86,3,2
51.34,6,3
49.93,5,3
49.43,7,2
49.56,4,2
64.63,8,3
68.18,5,3
56.45,6,3
35.82,5,2
51.35,6,3
48.34,5,2
45.94,6,2
42.37,5,2
60.81,6,3
36.82,5,2
47.77,6,2
59.02,3,3
60.99,4,3
63.68,4,3
40.54,5,2
47.81,6,2
49.72,4,3
58.11,7,3
60.73,5,3
47.39,7,2
63.15,0,3
71.55,4,3
55.78,7,3
44.77,3,2
36.18,5,2
55.18,5,3
67.74,1,3
59.16,8,3
55.51,8,3
40.01,1,2
49.71,6,3
56.49,4,3
55.05,7,3
57.91,7,3
50.49,3,3
56.18,6,3
51.35,2,3
48.29,5,2
30.16,5,2
57.01,7,3
42.9,6,2
64.85,6,3
61.21,7,3
31.6,5,2
43.61,3,2
35.6,1,2
55.47,9,3
37.15,7,2
48.09,5,2
49.65,11,2
31.25,4,2
54,6,3
47.68,4,2
48.19,6,2
37.64,7,2
63.66,1,3
34.94,5,2
34.41,4,2
47.46,2,2
60.78,6,3
55.58,4,3
44.49,4,2
36.07,5,2
49.26,7,2
64.9,6,3
53.25,3,3
54.25,7,3
48.47,3,2
50.56,5,3
45.67,7,2
59.67,3,3
47.77,5,2
51.2,9,3
52.57,5,3
56.52,7,3
63.71,6,3
63.72,8,3
65.08,3,3
48.42,5,2
41.08,2,2
46.2,5,2
47.74,7,2
50.78,5,3
62.3,5,3
38.42,2,2
51.55,6,3
41.31,6,2
57.2,5,3
51.97,7,3
34.74,4,2
62.81,4,3
55.97,4,3
54.99,6,3
58.13,4,3
66.86,6,3
45.03,11,2
53.54,7,3
23.2,8,2
64.13,6,3
53.11,3,3
62.58,8,3
57.68,2,3
29.13,5,2
58.83,5,3
44.83,7,2
40.46,7,2
58.92,4,3
56.04,6,3
41.14,6,2
48.35,7,2
56.17,1,3
47.57,5,2
44.22,5,2
52.85,4,3
41.15,7,2
47.82,4,2
66.89,3,3
43.25,7,2
74.47,5,3
47.43,2,2
49.34,3,2
56.37,3,3
50.64,4,3
60.36,5,3
45.74,5,2
60.32,5,3
59.08,5,3
40.87,5,2
63.55,1,3
54.65,4,3
53.47,4,3
41.7,5,2
55.76,7,3
53.33,5,3
49.58,4,2
40.9,5,2
54.32,5,3
52.11,11,3
54.34,3,3
41.75,5,2
49.19,5,2
46.8,6,2
30.97,8,2
42.42,4,2
30.31,6,2
32.95,10,2
58.13,6,3
64.32,3,3
39.93,4,2
40.63,3,2
48.81,6,2
40.34,2,2
54.29,9,3
47.92,7,2
55.11,6,3
58.93,6,3
34.04,6,2
50.3,8,3
51.38,4,3
42.02,1,2
39.33,6,2
49.76,7,3
46.96,1,2
58.61,5,3
32.53,4,2
38.94,8,2
46.81,9,2
50.56,5,3
37.57,6,2
49.86,5,3
53.57,4,3
35.15,5,2
36.91,6,2
60.04,5,3
41.25,3,2
49.53,7,2
44.54,7,2
53.61,3,3
62.81,7,3
49.22,8,2
52.34,7,3
55.11,3,3
50.03,9,3
54.39,3,3
47.56,5,2
39.39,8,2
46.85,7,2
37.68,7,2
50.56,5,3
179.22,95,1
192.34,69,1
140.25,92,1
184.28,70,1
200.58,50,1
197.99,95,1
199.81,32,1
168.45,70,1
197.87,74,1
172.08,87,1
164.31,45,1
162.56,56,1
165.2,74,1
211.36,5,1
157.51,59,1
208.47,26,1
180.95,85,1
167.83,70,1
144.23,49,1
163.82,79,1
186.28,4,1
182.21,72,1
149.08,78,1
171.83,50,1
212.8,51,1
185.3,49,1
170.11,49,1
175.82,80,1
234.52,88,1
164.03,86,1
200.77,79,1
168.47,56,1
184.79,89,1
158.61,71,1
192.11,68,1
176.49,82,1
190.97,76,1
175.93,53,1
157.99,44,1
197.56,57,1
140.32,56,1
162.56,23,1
181.12,58,1
197.26,76,1
156.85,58,1
164.13,99,1
187.37,86,1
174.32,28,1
145.21,96,1
178.05,29,1
183.7,74,1
121.07,57,1
171.16,51,1
148,66,1
162.93,75,1
163.17,91,1
184.96,65,1
178.28,71,1
190.13,52,1
167.55,70,1
176.01,70,1
157.02,21,1
173.72,84,1
224.47,52,1
219.46,75,1
156.79,46,1
193.01,43,1
191.2,70,1
183.98,61,1
181.04,58,1
192.37,99,1
185.03,41,1
202.94,80,1
178.47,99,1
213.93,47,1
188.36,63,1
164.08,71,1
173.91,75,1
175.29,34,1
208.65,45,1
212.49,25,1
183.78,56,1
162.3,74,1
164.83,53,1
172.53,76,1
179.26,79,1
187.12,99,1
191.47,93,1
202.02,38,1
188.06,75,1
201.54,90,1
165.23,57,1
183.92,29,1
166.22,77,1
167.75,41,1
219.54,39,1
209.43,64,1
145.28,91,1
185.5,67,1
168.77,55,1
174.41,36,1
169.45,67,1
159.2,46,1
184.76,56,1
228.21,61,1
151.81,67,1
158.47,100,1
186.03,65,1
169.85,99,1
154.52,51,1
198.3,99,1
149.71,78,1
182.53,99,1
204.62,38,1
224.94,27,1
177.2,87,1
182.4,83,1
189.88,97,1
214.17,73,1
159.8,58,1
150.8,8,1
149.55,7,1
154.72,19,1
188.1,15,1
151.59,4,1
209.27,11,1
184.26,7,1
184.77,15,1
168.27,14,1
178.52,17,1
190.16,12,1
176.3,18,1
195.01,10,1
176.1,5,1
186.4,19,1
158.63,13,1
190.1,6,1
198.1,3,1
165.93,1,1
162.35,13,1
203.98,11,1
177.21,16,1
192.25,12,1
164.47,7,1
210.88,12,1
171.76,12,1
180.06,8,1
166.36,1,1
203.85,12,1
200.37,1,1
149.51,10,1
180.26,15,1
203.91,12,1
203.13,11,1
139.35,6,1
158.88,20,1
194.37,15,1
170.38,16,1
179.61,15,1
221.45,3,1
181.05,4,1
179.97,0,1
192.78,7,1
174.71,9,1
168.64,5,1
156.17,17,1
186.51,15,1
173.21,14,1
166.02,12,1
159.14,8,1
207.13,13,1
183.67,14,1
171.29,14,1
200.64,10,1
179.25,12,1
177.43,10,1
180.8,9,1
166.45,17,1
156.41,10,1
172.5,5,1
158.02,8,1
179.76,8,1
163.26,13,1
177.75,12,1
184.44,5,1
187.98,15,1
146.8,18,1
196.9,1,1
171.24,1,1
220.23,2,1
200.41,7,1
207.52,10,1
183.1,14,1
175.04,10,1
173.26,19,1
159.7,11,1
175.37,18,1
198.44,3,1
168.76,5,1
165.87,3,1
145.73,9,1
179.68,0,1
184.94,11,1
227.52,7,1
149.36,9,1
182.32,15,1
200.6,18,1
183.21,13,1
195.43,9,1
185.17,4,1
179.33,5,1
196.17,12,1
183.14,9,1
156.71,17,1
174.79,10,1
174.48,4,1
220.39,7,1
189.07,4,1
152.64,16,1
185.33,8,1
176.88,7,1
171.65,15,1
166.33,8,1
163.94,0,1
192.77,14,1
206.13,9,1
173.2,16,1
171.41,12,1
202.04,7,1
168.84,7,1
178.48,7,1
188.51,13,1
187.13,19,1
192.89,15,1
163.5,9,1
174.78,14,1
182.67,9,1
193.88,9,1
147.55,12,1
182.63,12,1
169.78,15,1
225.68,2,1
206.08,15,1
154.75,13,1
165.07,8,1
197.07,14,1
183.97,11,1
165.07,4,1
213.82,7,1
155.84,13,1
188.57,9,1
199.02,9,1
189.61,16,1
178.34,9,1
187.46,7,1
193.3,7,1
169.02,4,1
165.71,6,1
169.48,1,1
174.91,12,1
171.99,13,1
179.52,8,1
172.02,14,1
161.32,9,1
164.26,11,1
206.47,21,1
158.71,9,1
207.08,4,1
177.63,7,1
193.4,12,1
190.06,19,1
171.15,5,1
198.13,16,1
160.23,4,1
167.46,14,1
195.66,4,1
175.16,13,1
194.29,10,1
188.86,6,1
182.61,10,1
180.45,4,1
191.98,10,1
184.19,14,1
211.8,9,1
199.29,21,1
201.79,1,1
187.37,14,1
215.94,8,1
182.43,9,1
210.69,2,1
212.54,13,1
205.43,7,1
185.52,16,1
188.19,3,1
179.74,11,1
217.21,8,1
170.23,13,1
180.18,11,1
191.03,1,1
199.33,9,1
206.15,14,1
170.85,16,1
137.67,4,1
197.27,14,1
148.83,1,1
181.67,8,1
166.1,18,1
185.73,3,1
184.66,8,1
175.8,7,1
189.2,4,1
205.78,9,1
156.87,16,1
185.54,8,1
186.14,11,1
183.3,16,1
190.39,13,1
166.15,11,1
162.71,10,1
189.62,8,1
212.42,7,1
186.3,9,1
152.55,17,1
174.29,10,1
146.35,16,1
134.81,20,1
191.22,8,1
187.7,17,1
219.29,17,1
206.59,10,1
218.79,8,1
171.7,14,1
168.33,10,1
160.71,11,1
217.76,4,1
140.49,7,1
170.73,11,1
196.13,17,1
170.58,22,1
160.52,19,1
181.77,18,1
195.7,12,1
159.86,9,1
162.96,22,1
177.53,4,1
179.4,2,1
156.38,6,1
196.12,8,1
204.96,7,1
184.1,19,1
186.88,9,1
193.86,6,1
171.51,8,1
169.25,9,1
155.86,6,1
176.54,3,1
168.36,13,1
149.91,5,1
189.38,6,1
194.15,12,1
186.47,10,1
185.5,13,1
186.69,15,1
179.23,6,1
158.05,8,1
189.13,6,1
181.82,6,1
150.31,14,1
177.95,8,1
160.49,6,1
184.62,6,1
197.02,8,1
184.32,11,1
195.47,14,1
191.27,8,1
208.19,17,1
178.37,6,1
169.24,4,1
166.62,14,1
189.78,17,1
145.39,15,1
164.47,10,1
163.39,6,1
159.11,15,1
169.56,17,1
188.25,18,1
184.12,7,1
199.37,7,1
175.81,8,1
175.06,9,1
190.85,9,1
188.89,1,1
192.77,14,1
179.24,7,1
170.86,7,1
171.29,19,1
168.9,5,1
161.76,5,1
169.54,12,1
173.72,10,1
180.98,8,1
181.89,17,1
172.85,13,1
244.79,9,1
176.79,8,1
148.44,7,1
216.66,9,1
161.14,10,1
183.38,3,1
175.29,11,1
167.02,10,1
234.09,7,1
168.98,14,1
242.37,15,1
160.78,11,1
190.56,11,1
195.33,14,1
196.23,4,1
209.76,15,1
172.78,5,1
201.99,15,1
162.56,13,1
191.81,7,1
170.72,1,1
189.45,21,1
189.77,16,1
201.69,14,1
191.59,12,1
154.93,14,1
149.19,16,1
165.07,12,1
156.57,7,1
162.34,9,1
177.82,12,1
205.07,15,1
155.83,10,1
181.53,13,1
195.87,3,1
170.3,6,1
167.89,15,1
187.17,7,1
153.81,18,1
164.53,7,1
174.81,13,1
152.1,10,1
157.26,18,1
203.03,10,1
172.78,8,1
164.95,11,1
182.99,5,1
170.9,0,1
150.57,15,1
187.45,4,1
135.98,14,1
187.55,5,1
241.71,22,1
168.04,12,1
156.01,14,1
189.75,9,1
178.42,3,1
211.26,6,1
171.7,12,1
145.07,6,1
194.55,6,1
157.26,10,1
153.34,9,1
193.78,6,1
200.72,20,1
193.21,14,1
176.23,16,1
172.11,12,1
193.31,8,1
174.3,12,1
164.4,10,1
162.68,5,1
173.55,3,1
172.15,8,1
202.84,17,1
197.95,10,1
167.21,5,1
136.52,13,1
199.92,0,1
152.09,24,1
170.87,15,1
137.16,16,1
164.38,8,1
212.41,12,1
163.36,15,1
158.31,4,1
162.26,14,1
211.99,6,1
160.26,20,1
228.96,13,1
182.69,11,1
162.8,11,1
193.58,16,1
161.26,10,1
201.12,19,1
181.35,13,1
168.64,9,1
175.58,9,1
160.2,9,1
192.22,6,1
197.6,10,1
189.82,7,1
205.8,13,1
193.33,12,1
132.03,15,1
190.33,14,1
173.9,11,1
179.11,6,1
209.64,7,1
161.9,15,1
166.62,9,1
161.64,10,1
162.9,10,1
178.88,10,1
171.97,12,1
179.56,17,1
188.59,16,1
151.09,13,1
194.87,8,1
200.21,5,1
196.39,6,1
193.05,11,1
183.61,6,1
166.8,8,1
190.45,14,1
184.29,7,1
197.44,15,1
170.72,7,1
168.56,5,1
168.22,9,1
165.22,16,1
143.37,10,1
224.24,16,1
173.49,8,1
190.04,16,1
178.39,11,1
194.68,2,1
170.72,1,1
181.64,17,1
207.34,9,1
189.85,9,1
142.83,5,1
168.14,1,1
161.94,9,1
151.65,1,1
177.29,10,1
173.02,3,1
182.6,10,1
208.78,11,1
160.5,14,1
170.45,1,1
164.37,7,1
180.1,14,1
192.31,12,1
167.88,6,1
231.57,13,1
189.68,10,1
192.61,10,1
218.21,11,1
168.88,14,1
150,8,1
178.17,10,1
190.84,1,1
211.34,15,1
161.98,9,1
208.42,7,1
185.7,17,1
165.15,9,1
166.68,14,1
213.12,3,1
217.91,3,1
159.47,22,1
176.44,5,1
173.35,6,1
194.1,4,1
176.01,16,1
193.08,9,1
180.84,21,1
191.52,9,1
141.96,15,1
154.33,3,1
185.15,10,1
185.38,7,1
208.96,18,1
176.97,4,1
162.58,1,1
184.14,9,1
154.74,1,1
180.91,11,1
184.74,1,1
186.24,4,1
181.3,11,1
180.36,13,1
163.72,6,1
177.04,6,1
154.59,19,1
196.37,17,1
219.84,15,1
189.97,3,1
168.09,5,1
190.94,20,1
192.12,16,1
218.67,1,1
188.26,14,1
200.32,9,1
188.22,12,1
207.01,18,1
173.38,11,1
161.51,5,1
169.75,5,1
169.66,11,1
150.46,14,1
176.96,23,1
200.62,8,1
197.08,14,1
196.95,11,1
116.58,4,3
174.58,5,1
187.16,11,1
184.46,4,1
170.72,15,1
168.24,10,1
187.67,17,1
218.58,9,1
155.02,9,1
153.84,9,1
180.65,16,1
168.76,7,1
153.5,1,1
159.53,15,1
207.44,13,1
229.3,15,1
180.6,13,1
165.09,4,1
205.4,11,1
171.19,10,1
188.24,3,1
189.25,7,1
160.94,13,1
185.58,3,1
171.79,6,1
179.7,9,1
193.68,8,1
195.95,4,1
169.72,6,1
207.05,13,1
205.62,11,1
166.64,11,1
168.34,9,1
185.5,13,1
191.31,7,1
140.59,3,1
188.61,9,1
167.46,11,1
186.26,4,1
188.34,18,1
157.73,12,1
175.69,16,1
134.54,10,1
190.28,10,1
168.01,3,1
188.49,11,1
164.43,12,1
186.42,14,1
201.97,17,1
201.38,1,1
196.34,9,1
171.64,16,1
183.96,6,1
192.31,8,1
180.63,12,1
194.13,11,1
175.76,5,1
163.89,8,1
164.29,12,1
170.9,15,1
166.87,15,1
164.77,6,1
184.45,12,1
191.82,7,1
183.61,14,1
171.42,4,1
186.55,8,1
200.37,6,1
166.72,9,1
192.38,10,1
151.88,4,1
196.56,1,1
172.43,11,1
169.64,9,1
177.33,1,1
156.76,15,1
165.76,5,1
176.43,11,1
159.11,16,1
186.67,15,1
169.32,10,1
177.78,11,1
180.73,1,1
202.18,1,1
159.31,10,1
166.8,10,1
177.09,7,1
170.6,3,1
190.14,13,1
201.05,9,1
174.91,14,1
168.01,15,1
152.99,6,1
145.17,15,1
174.44,9,1
181.52,14,1
185.27,9,1
176.37,11,1
159.92,15,1
150.21,1,1
152.6,15,1
197.71,9,1
174.78,4,1
156.2,4,1
174.5,6,1
210.4,10,1
200.05,9,1
164.96,5,1
176.5,11,1
192.86,21,1
188.22,8,1
178.57,17,1
203.38,8,1
192.32,14,1
176.15,9,1
156.61,20,1
176.51,14,1
190.66,7,1
154.62,5,1
162.97,15,1
207.96,7,1
176.65,11,1
164.56,0,1
203.41,7,1
182.19,15,1
201.68,16,1
135.38,8,1
153.45,1,1
182.71,11,1
177.44,4,1
208.52,5,1
175.58,11,1
161.6,6,1
168.09,12,1
168.77,10,1
158.86,14,1
182.16,6,1
199.42,8,1
172.99,10,1
182.44,10,1
166.96,8,1
153.58,12,1
185.68,18,1
214.8,20,1
185.39,20,1
169.35,19,1
181.75,10,1
159.89,17,1
196.52,12,1
169.65,14,1
192.21,8,1
180.29,20,1
222.08,11,1
165.1,13,1
212.75,9,1
170.64,13,1
196.2,14,1
189.99,12,1
208.96,10,1
219.39,1,1
188.25,10,1
187.13,12,1
187.28,8,1
192.74,13,1
211.2,8,1
189.88,9,1
165.58,6,1
191.88,7,1
194.22,12,1
167.22,2,1
185.37,14,1
203.8,22,1
167.05,10,1
177.48,19,1
170.22,16,1
209.76,18,1
160.04,10,1
176.17,5,1
170.91,12,1
176.14,5,1
168.03,9,1
